Workbook

Sheet Matrix
A1: Key | B1: Framework | C1: Category | D1: Anti-pattern | E1: Severity | F1: Symptom / Failure Mode | G1: Root Cause | H1: Detection Heuristic | I1: Preferred Pattern | J1: Fix / Refactor Steps | K1: Example (Bad → Good) | L1: CI Guardrail / Policy | M1: Notes | N1: FilterKey | O1: Trust Level | P1: Scope | Q1: Layer | R1: First Sprint | S1: Release Impact | T1: Path Recommendation
A2: Playwright|Selectors & Locators|Brittle CSS chains (deep selectors) | B2: Playwright | C2: Selectors & Locators | D2: Brittle CSS chains (deep selectors) | E2: High | F2: Breaks on minor UI refactors; frequent locator failures. | G2: Selectors coupled to DOM structure/classes that change often. | H2: High churn on selectors; failures after UI styling work. | I2: Prefer role/label/testid locators (getByRole/getByLabel/data-testid). | J2: Replace CSS chains with semantic locators; add stable test ids where needed. | K2: Bad: page.locator('div:nth-child(2) > .btn.primary') Good: page.getByRole('button', { name: /sign in/i }) | L2: Lint rule / review: no nth-child/deep CSS except as last resort. | M2: Use Playwright Codegen as a start, then refactor to roles. | N2: =B2&"|"&C2&"|"&E2 | O2: Low Trust | P2: Recurring | Q2: UI | R2: 16 | S2: Weakens release confidence | T2: No AI
A3: Playwright|Waiting & Flakiness|time.sleep / setTimeout-based waits | B3: Playwright | C3: Waiting & Flakiness | D3: time.sleep / setTimeout-based waits | E3: High | F3: Flaky or slow tests; passes locally, fails in CI. | G3: Waiting on time instead of a deterministic signal. | H3: Any fixed sleep > 100ms in PR; repeated timeout tuning. | I3: Wait for conditions/events: toBeVisible, toHaveURL, waitForResponse, expect.poll. | J3: Replace sleeps with explicit waits; add observability to see missing signal. | K3: Bad: await page.waitForTimeout(3000) Good: await expect(locator).toBeVisible() | L3: CI policy: forbid waitForTimeout except for animations with justification. | M3: Use trace to see what you should wait on. | N3: =B3&"|"&C3&"|"&E3 | O3: Low Trust | P3: Recurring | Q3: UI | R3: 3 | S3: Blocks trust | T3: No AI
A4: Playwright|Test Isolation & State|Reusing authenticated page for unauthorized tests | B4: Playwright | C4: Test Isolation & State | D4: Reusing authenticated page for unauthorized tests | E4: High | F4: Unauthorized test unexpectedly passes; security regression missed. | G4: storageState applied globally; test uses same context. | H4: Unauthorized test still sees logged-in nav; URL doesn't redirect. | I4: Create a fresh context with storageState undefined; assert redirect/CTA. | J4: Use browser.newContext({ storageState: undefined }) for negative auth tests. | K4: Bad: use injected page (authed) Good: const ctx = await browser.newContext({ storageState: undefined }); | L4: Suite rule: negative auth tests must create clean context. | M4: Common when globalSetup writes storageState. | N4: =B4&"|"&C4&"|"&E4 | O4: Low Trust | P4: Systemic | Q4: Auth | R4: 5 | S4: False green risk | T4: No AI
A5: Playwright|Parallelism & Concurrency|Shared mutable globals between tests | B5: Playwright | C5: Parallelism & Concurrency | D5: Shared mutable globals between tests | E5: High | F5: Order-dependent failures; parallel runs collide. | G5: Globals used for slugs/users; tests overwrite each other. | H5: Failures only with --workers>1; inconsistent data. | I5: Generate per-test unique data; use fixtures with per-test scope. | J5: Remove globals; move to fixtures; add unique suffixes. | K5: Bad: let slug; set in test A; used in test B Good: create per-test article; pass via fixture/return | L5: CI: run with workers>1 and random order periodically. | M5: Use test.describe.configure({ mode: 'parallel' }) deliberately. | N5: =B5&"|"&C5&"|"&E5 | O5: Low Trust | P5: Systemic | Q5: Data | R5: 5 | S5: Blocks trust | T5: No AI
A6: Playwright|Fixtures & Setup/Teardown|Shadowing injected fixtures (page/request) | B6: Playwright | C6: Fixtures & Setup/Teardown | D6: Shadowing injected fixtures (page/request) | E6: Medium | F6: Confusing errors: request.newContext not a function; page undefined. | G6: Re-declaring const page/request inside test/fixture. | H6: Search for 'const page =' inside tests with ({ page }) arg. | I6: Use different variable names (e.g., authedPage) or use context.newPage with new name. | J6: Rename locals; enforce lint/PR review; keep fixtures explicit. | K6: Bad: async ({ page }) => { const page = await ctx.newPage(); } Good: const authedPage = await ctx.newPage(); | L6: Code review checklist: no fixture shadowing. | N6: =B6&"|"&C6&"|"&E6 | O6: Medium Trust | P6: Isolated | Q6: Code | R6: 7 | S6: Slows diagnosis | T6: Some AI
A7: Playwright|Network & API Mocking|Over-mocking (tests pass with unrealistic mocks) | B7: Playwright | C7: Network & API Mocking | D7: Over-mocking (tests pass with unrealistic mocks) | E7: Medium | F7: False greens; prod fails while tests pass. | G7: Mocks drift from API contract; missing integration coverage. | H7: High mock coverage; low real API coverage; incidents not caught. | I7: Use contract-based mocks + at least one real path; validate schemas. | J7: Add contract tests; restrict mocks to third-party/unreliable deps. | K7: Bad: mock /api/articles always 200 Good: use live API in smoke + schema-validated fixtures | L7: Policy: smoke/regression must include real API path; mocks allowed for 3rd-party only. | N7: =B7&"|"&C7&"|"&E7 | O7: Medium Trust | P7: Systemic | Q7: API | R7: 9 | S7: False green risk | T7: No AI
A8: Playwright|Reporting & Debuggability|No trace/screenshot on failure | B8: Playwright | C8: Reporting & Debuggability | D8: No trace/screenshot on failure | E8: Medium | F8: Hard to debug CI failures; reruns required. | G8: Missing trace/video/screenshot retention config. | H8: CI failures with minimal logs. | I8: Enable trace/video/screenshot retain-on-failure; add dumpDebug helper. | J8: Update config and global hooks; attach artifacts. | K8: Good: use: { trace:'retain-on-failure', screenshot:'only-on-failure', video:'retain-on-failure' } | L8: CI guardrail: artifacts required for failing jobs. | N8: =B8&"|"&C8&"|"&E8 | O8: Low Trust | P8: Systemic | Q8: CI | R8: 3 | S8: Slows diagnosis | T8: No AI
A9: Playwright|Performance & Timeouts|Raising timeouts instead of fixing waits | B9: Playwright | C9: Performance & Timeouts | D9: Raising timeouts instead of fixing waits | E9: Medium | F9: Suite gets slower; still flaky under load. | G9: Masking sync issues; no deterministic readiness checks. | H9: Timeouts increased repeatedly; same test still flakes. | I9: Use event-driven waits and app readiness signals. | J9: Identify missing wait; add waitForResponse/URL/locator; reduce timeouts after. | K9: Bad: test.setTimeout(120000) Good: await page.waitForResponse(r=>r.url().includes('/api/articles')) | L9: Policy: timeout increases require root cause & trace evidence. | N9: =B9&"|"&C9&"|"&E9 | O9: Medium Trust | P9: Recurring | Q9: UI | R9: 3 | S9: Weakens release confidence | T9: No AI
A10: Playwright|Code Structure & Maintainability|Test logic duplicated across specs | B10: Playwright | C10: Code Structure & Maintainability | D10: Test logic duplicated across specs | E10: Low | F10: Changes require editing many tests; inconsistent behavior. | G10: No page objects/util helpers; copy-pasted flows. | H10: Same 10 lines appear in 5+ files. | I10: Use page objects + helper utilities; keep assertions in tests. | J10: Extract common flows; keep test-specific assertions local. | K10: Bad: repeated login steps Good: LoginPage.login() helper + expectLoggedInNav() | L10: Code review: DRY for flows, not assertions. | N10: =B10&"|"&C10&"|"&E10 | O10: High Trust | P10: Recurring | Q10: Code | R10: 8 | S10: Scalability risk only | T10: Some AI
A11: pytest|Fixtures & Setup/Teardown|Using global state instead of fixtures | B11: pytest | C11: Fixtures & Setup/Teardown | D11: Using global state instead of fixtures | E11: High | F11: Tests fail depending on order; hard to parallelize. | G11: Module-level globals mutated across tests. | H11: Fails with -k or random order; flaky under xdist. | I11: Use function-scoped fixtures; return resources explicitly. | J11: Move global state into fixtures; pass as args; reset state each test. | K11: Bad: global client reused/mutated Good: @pytest.fixture() def client(): return Client() | L11: Run with pytest-randomly / xdist in CI. | N11: =B11&"|"&C11&"|"&E11 | O11: Low Trust | P11: Systemic | Q11: Data | R11: 5 | S11: Blocks trust | T11: No AI
A12: pytest|Waiting & Flakiness|Sleeping for async readiness | B12: pytest | C12: Waiting & Flakiness | D12: Sleeping for async readiness | E12: High | F12: Flaky timing; long runtimes. | G12: Polling via sleep vs proper waits/event hooks. | H12: Sleep calls in tests; nondeterministic failures. | I12: Use retry/poll helpers, explicit waits, or proper async APIs. | J12: Replace sleep with polling until condition or timeout; instrument system. | K12: Bad: time.sleep(3) Good: assert eventually(lambda: svc.ready()) | L12: Policy: forbid sleep in tests unless justified and minimal. | N12: =B12&"|"&C12&"|"&E12 | O12: Low Trust | P12: Recurring | Q12: API | R12: 9 | S12: Blocks trust | T12: No AI
A13: pytest|Assertions & Oracles|Asserting only that code ran (no output validation) | B13: pytest | C13: Assertions & Oracles | D13: Asserting only that code ran (no output validation) | E13: High | F13: False greens; regressions slip through. | G13: Weak test oracle; no checks on state/output. | H13: Tests pass even when feature broken. | I13: Assert meaningful outputs/state transitions and invariants. | J13: Add assertions on result, DB state, emitted events, etc. | K13: Bad: function(); assert True Good: assert function() == expected | L13: Review checklist: every test asserts a domain outcome. | N13: =B13&"|"&C13&"|"&E13 | O13: Low Trust | P13: Systemic | Q13: API | R13: 9 | S13: False green risk | T13: No AI
A14: pytest|Parallelism & Concurrency|Not isolating temp dirs / files | B14: pytest | C14: Parallelism & Concurrency | D14: Not isolating temp dirs / files | E14: Medium | F14: xdist collisions; intermittent file errors. | G14: Shared filenames or working directory assumptions. | H14: Fails only under parallel; leftover files. | I14: Use tmp_path/tmp_path_factory; unique filenames. | J14: Replace hardcoded paths with tmp_path; cleanup explicitly. | K14: Bad: open('output.txt','w') Good: p = tmp_path/'output.txt' | L14: CI: run a subset with -n auto periodically. | N14: =B14&"|"&C14&"|"&E14 | O14: Medium Trust | P14: Recurring | Q14: CI | R14: 5 | S14: Scalability risk only | T14: Some AI
A15: pytest|Test Isolation & State|Relying on test order | B15: pytest | C15: Test Isolation & State | D15: Relying on test order | E15: Medium | F15: Tests pass as a suite, fail individually. | G15: Hidden dependencies and shared state. | H15: Fails with -k single test; reruns differ. | I15: Each test sets up what it needs; use fixtures to seed state. | J15: Refactor: move setup into fixtures; remove cross-test coupling. | K15: Bad: test_b assumes test_a created data Good: both use fixture seed_data() | L15: CI: randomize order or run in isolation gate. | N15: =B15&"|"&C15&"|"&E15 | O15: Low Trust | P15: Systemic | Q15: Data | R15: 5 | S15: Blocks trust | T15: No AI
A16: pytest|Reporting & Debuggability|No logging/context on failure | B16: pytest | C16: Reporting & Debuggability | D16: No logging/context on failure | E16: Low | F16: Hard to diagnose; rerun with prints. | G16: No caplog/capsys usage; minimal assertion messages. | H16: Failures show no context. | I16: Use caplog, rich asserts, attach artifacts/log dumps. | J16: Add logging fixtures; improve assert messages; capture outputs. | K16: Good: assert x == y, f"expected {y} got {x}; payload={payload}" | L16: Policy: failing asserts must show key context. | N16: =B16&"|"&C16&"|"&E16 | O16: Medium Trust | P16: Recurring | Q16: CI | R16: 3 | S16: Slows diagnosis | T16: Some AI
A17: pytest|CI/CD & Environment Drift|Tests depend on local env (missing env vars) | B17: pytest | C17: CI/CD & Environment Drift | D17: Tests depend on local env (missing env vars) | E17: Medium | F17: CI failures; local passes. | G17: Implicit environment dependencies. | H17: Errors like KeyError env var; wrong base URL. | I17: Explicit config loading; fail fast with clear messages. | J17: Add config validation at start; document required env vars. | K17: Good: if not os.getenv('BASE_URL'): pytest.skip/raise with message | L17: CI: validate env preflight step. | N17: =B17&"|"&C17&"|"&E17 | O17: Low Trust | P17: Systemic | Q17: Environment | R17: 2 | S17: Blocks trust | T17: No AI
A18: Cypress|Selectors & Locators|Brittle CSS / chained cy.get selectors | B18: Cypress | C18: Selectors & Locators | D18: Brittle CSS / chained cy.get selectors | E18: High | F18: Minor UI refactors break tests; selectors drift quickly. | G18: Selectors coupled to DOM structure or styling classes rather than stable semantics. | H18: Frequent selector churn; selectors rely on .class chains, :nth-child, or deep descendants. | I18: Prefer data-testid, accessible labels, and stable semantic hooks. | J18: Replace brittle selectors with stable test ids or semantic hooks; standardize selector policy. | K18: Bad: cy.get('div.card > .btn.primary').click() Good: cy.findByRole('button', { name: /save/i }).click() | L18: Review rule: no deep CSS chains or positional selectors unless justified. | M18: Pair with testing-library commands when possible. | N18: =B18&"|"&C18&"|"&E18 | O18: Low Trust | P18: Recurring | Q18: UI | R18: 16 | S18: Weakens release confidence | T18: No AI
A19: Cypress|Waiting & Flakiness|cy.wait(<ms>) for app readiness | B19: Cypress | C19: Waiting & Flakiness | D19: cy.wait(<ms>) for app readiness | E19: High | F19: Flaky tests in CI; slower suites; intermittent passes locally. | G19: Waiting on time instead of deterministic UI/network signals. | H19: Fixed waits >100ms in spec files; repeated timeout tuning. | I19: Wait on route aliases, DOM assertions, or explicit app-ready conditions. | J19: Replace fixed waits with cy.intercept + cy.wait(@alias), should(), and deterministic readiness checks. | K19: Bad: cy.wait(3000) Good: cy.wait('@getArticle'); cy.findByRole('heading', { name: /article/i }).should('be.visible') | L19: Lint/review: forbid fixed waits except for documented animation cases. | M19: A classic flake source in Cypress suites. | N19: =B19&"|"&C19&"|"&E19 | O19: Low Trust | P19: Recurring | Q19: UI | R19: 3 | S19: Blocks trust | T19: No AI
A20: Cypress|Test Isolation & State|Reusing authenticated browser state for unauthorized scenarios | B20: Cypress | C20: Test Isolation & State | D20: Reusing authenticated browser state for unauthorized scenarios | E20: High | F20: Negative auth tests pass unexpectedly; security regressions missed. | G20: Cookies/localStorage/session reused across tests or suites. | H20: Unauthorized specs still show logged-in UI or skip redirect checks. | I20: Create explicit unauthenticated setup; clear session state before negative tests. | J20: Use cy.clearCookies, cy.clearLocalStorage, separate auth helpers, and isolated setup per scenario. | K20: Bad: use prior logged-in session for 401/redirect test Good: clear state first, visit page, assert redirect/sign-in CTA | L20: Rule: negative auth tests must prove clean unauthenticated state. | M20: Often hidden by global before hooks or cy.session reuse. | N20: =B20&"|"&C20&"|"&E20 | O20: Low Trust | P20: Systemic | Q20: Auth | R20: 5 | S20: False green risk | T20: No AI
A21: Cypress|Parallelism & Concurrency|Shared seeded data across specs or machines | B21: Cypress | C21: Parallelism & Concurrency | D21: Shared seeded data across specs or machines | E21: High | F21: Parallel runs collide; order-dependent failures; duplicate record errors. | G21: Specs assume shared users/slugs/records instead of per-test ownership. | H21: Failures appear only in parallel CI or when rerun order changes. | I21: Generate unique test data per spec/test and own full data lifecycle. | J21: Move shared data into fixtures/factories with unique suffixes; reset state deterministically. | K21: Bad: all specs publish article 'hello-world' Good: article slug includes run id / spec id | L21: Run parallel shards regularly and fail on duplicate-key patterns. | M21: Critical for trustworthy CI scale. | N21: =B21&"|"&C21&"|"&E21 | O21: Low Trust | P21: Systemic | Q21: Data | R21: 5 | S21: Blocks trust | T21: No AI
A22: Cypress|Network & API Mocking|Stubbing core app APIs for all coverage | B22: Cypress | C22: Network & API Mocking | D22: Stubbing core app APIs for all coverage | E22: Medium | F22: False greens; UI tests pass while real integrations fail. | G22: Overuse of cy.intercept fixtures with no real-path validation. | H22: Most specs stub first-party APIs; little or no live smoke coverage. | I22: Use a bounded mocking policy and keep at least one real-path smoke/regression route. | J22: Restrict mocks to unstable/third-party dependencies; add real API coverage and schema checks. | K22: Bad: intercept all /api/articles calls with fixture Good: mock only 3rd-party dependency, keep first-party API live in smoke | L22: Policy: critical smoke path must hit the real first-party API. | M22: Matches your anti-fake-confidence philosophy. | N22: =B22&"|"&C22&"|"&E22 | O22: Medium Trust | P22: Systemic | Q22: API | R22: 9 | S22: False green risk | T22: No AI
A23: Cypress|Reporting & Debuggability|No screenshots/videos/command-log context on failure | B23: Cypress | C23: Reporting & Debuggability | D23: No screenshots/videos/command-log context on failure | E23: Medium | F23: CI failures require reruns; insufficient evidence for fast triage. | G23: Artifacts disabled or not retained; app/network context not captured. | H23: Failed jobs have only console output and no media/artifact bundle. | I23: Retain screenshots/videos and attach app/network evidence for failing jobs. | J23: Enable screenshots/videos, keep command log context, attach structured failure notes. | K23: Bad: console log only Good: screenshot + video + request/response evidence attached to CI job | L23: Artifacts required for failed Cypress jobs. | M23: Feeds later artifact contract and triage work. | N23: =B23&"|"&C23&"|"&E23 | O23: Low Trust | P23: Systemic | Q23: CI | R23: 3 | S23: Slows diagnosis | T23: No AI
A24: Selenium|Selectors & Locators|Absolute XPath / DOM-position selectors | B24: Selenium | C24: Selectors & Locators | D24: Absolute XPath / DOM-position selectors | E24: High | F24: Small DOM changes break suites; frequent NoSuchElement or stale locator errors. | G24: Selectors tied to document structure instead of stable semantics. | H24: Heavy use of /html/body... or positional XPath/CSS selectors. | I24: Prefer stable ids, accessible labels, and resilient By strategies with clear intent. | J24: Replace absolute XPath with stable hooks; add test ids/accessibility support where needed. | K24: Bad: By.xpath('/html/body/div[2]/div[3]/button') Good: By.cssSelector('[data-testid="save-button"]') | L24: Review rule: no absolute XPath; positional selectors require justification. | M24: Directly maps to locator intelligence later. | N24: =B24&"|"&C24&"|"&E24 | O24: Low Trust | P24: Recurring | Q24: UI | R24: 16 | S24: Weakens release confidence | T24: No AI
A25: Selenium|Waiting & Flakiness|Thread.sleep-based synchronization | B25: Selenium | C25: Waiting & Flakiness | D25: Thread.sleep-based synchronization | E25: High | F25: Slow and flaky tests; CI variability; brittle synchronization. | G25: Time-based waiting instead of explicit conditions tied to UI readiness. | H25: Thread.sleep or arbitrary pauses used in page objects/tests. | I25: Use explicit waits with ExpectedConditions or app-specific readiness signals. | J25: Replace sleeps with WebDriverWait and explicit readiness/assertion conditions. | K25: Bad: Thread.sleep(3000) Good: wait.until(ExpectedConditions.visibilityOf(element)) | L25: Code review/lint policy: no Thread.sleep in test logic. | M25: One of the most common Selenium suite anti-patterns. | N25: =B25&"|"&C25&"|"&E25 | O25: Low Trust | P25: Recurring | Q25: UI | R25: 3 | S25: Blocks trust | T25: No AI
A26: Selenium|Test Isolation & State|Reusing the same browser session for auth and unauth flows | B26: Selenium | C26: Test Isolation & State | D26: Reusing the same browser session for auth and unauth flows | E26: High | F26: Unauthorized checks pass incorrectly; auth state leakage between tests. | G26: Session/cookies carried across negative and positive scenarios. | H26: Negative auth tests run in same driver/session after login tests. | I26: Create clean browser/session state per scenario or explicitly reset cookies/storage. | J26: Use isolated driver lifecycle or reset auth state before sensitive scenarios. | K26: Bad: login once, run all auth and unauth checks in same session Good: fresh driver/session for unauth tests | L26: Rule: security/unauthorized scenarios must prove clean state. | M26: A classic false-green source. | N26: =B26&"|"&C26&"|"&E26 | O26: Low Trust | P26: Systemic | Q26: Auth | R26: 5 | S26: False green risk | T26: No AI
A27: Selenium|Parallelism & Concurrency|Static driver/shared test data across parallel runs | B27: Selenium | C27: Parallelism & Concurrency | D27: Static driver/shared test data across parallel runs | E27: High | F27: Parallel collisions, nondeterministic failures, driver contamination. | G27: Static WebDriver instances or shared mutable data/resources. | H27: Parallel-only failures; tests pass serially but fail under concurrent execution. | I27: Use per-test/per-thread driver management and unique data ownership. | J27: Eliminate static shared state; introduce thread-safe driver factories and unique data creation. | K27: Bad: static WebDriver driver; Good: ThreadLocal driver + per-test unique fixtures | L27: Run with parallel execution in CI and monitor for collision patterns. | M27: Needed before any real scaling claims. | N27: =B27&"|"&C27&"|"&E27 | O27: Low Trust | P27: Systemic | Q27: Data | R27: 5 | S27: Blocks trust | T27: No AI
A28: Selenium|Reporting & Debuggability|No screenshot / page source / browser log capture on failure | B28: Selenium | C28: Reporting & Debuggability | D28: No screenshot / page source / browser log capture on failure | E28: Medium | F28: Failures are hard to explain without rerunning locally. | G28: Failure hooks do not collect enough evidence. | H28: CI failures have stack traces only; no browser-state artifacts. | I28: Capture screenshot, DOM/source, driver logs, and relevant environment context on failure. | J28: Add after-failure hooks to persist artifacts; standardize paths and retention. | K28: Bad: exception stack trace only Good: screenshot + HTML source + browser logs attached | L28: Failed Selenium jobs must attach evidence bundle. | M28: Feeds artifact contract and triage layers. | N28: =B28&"|"&C28&"|"&E28 | O28: Low Trust | P28: Systemic | Q28: CI | R28: 3 | S28: Slows diagnosis | T28: No AI
A29: Selenium|Performance & Timeouts|Overusing implicit waits / raising global timeouts | B29: Selenium | C29: Performance & Timeouts | D29: Overusing implicit waits / raising global timeouts | E29: Medium | F29: Masked synchronization issues; long-running suites; ambiguous failures. | G29: Global waits compensate for missing explicit readiness logic. | H29: High implicit wait settings; recurring timeout inflation in reviews. | I29: Keep implicit waits minimal and rely on targeted explicit waits. | J29: Reduce global waits; add explicit wait utilities aligned to real page/application signals. | K29: Bad: driver.manage().timeouts().implicitlyWait(30, SECONDS) Good: minimal implicit wait + targeted WebDriverWait | L29: Review rule: justify timeout increases with evidence. | M29: Often hides root-cause synchronization debt. | N29: =B29&"|"&C29&"|"&E29 | O29: Medium Trust | P29: Recurring | Q29: UI | R29: 4 | S29: Weakens release confidence | T29: Some AI
A30: Selenium|Code Structure & Maintainability|Page objects mixing navigation, actions, waits, and assertions | B30: Selenium | C30: Code Structure & Maintainability | D30: Page objects mixing navigation, actions, waits, and assertions | E30: Medium | F30: Hard-to-maintain abstractions; unclear ownership; brittle updates. | G30: Page layer becomes a dumping ground instead of a stable interaction abstraction. | H30: Assertions embedded in page methods; duplicated wait logic across page classes. | I30: Keep page objects focused on locators and actions; assertions live in tests or dedicated validators. | J30: Refactor assertion logic out of page objects; centralize waits/helpers deliberately. | K30: Bad: LoginPage.loginAndAssertHome() Good: LoginPage.login(); test asserts expected state | L30: Review checklist: page objects should not hide assertions or mixed responsibilities. | M30: Maps to scale and maintainability work. | N30: =B30&"|"&C30&"|"&E30 | O30: Medium Trust | P30: Systemic | Q30: Code | R30: 8 | S30: Scalability risk only | T30: Some AI

Sheet Builder
A1: Playwright + pytest Anti-patterns Builder
A2: Generated: 2026-01-22
A4: Framework
A5: Category
A6: Severity (optional filter)
A7: Lookup Strategy | B7: Select a framework + category. Severity filter is optional; if multiple matches exist, first match is returned.
A8: Anti-pattern | B8: =IFERROR(XLOOKUP(B4&"|"&B5&"|"&IF(B6="","*",B6),Matrix!$N:$N,Matrix!$D:$D, "(no match)",2),"(no match)")
A9: Symptom / Failure Mode | B9: =IFERROR(XLOOKUP(B4&"|"&B5&"|"&IF(B6="","*",B6),Matrix!$N:$N,Matrix!$F:$F, "(no match)",2),"(no match)")
A10: Root Cause | B10: =IFERROR(XLOOKUP(B4&"|"&B5&"|"&IF(B6="","*",B6),Matrix!$N:$N,Matrix!$G:$G, "(no match)",2),"(no match)")
A11: Detection Heuristic | B11: =IFERROR(XLOOKUP(B4&"|"&B5&"|"&IF(B6="","*",B6),Matrix!$N:$N,Matrix!$H:$H, "(no match)",2),"(no match)")
A12: Preferred Pattern | B12: =IFERROR(XLOOKUP(B4&"|"&B5&"|"&IF(B6="","*",B6),Matrix!$N:$N,Matrix!$I:$I, "(no match)",2),"(no match)")
A13: Fix / Refactor Steps | B13: =IFERROR(XLOOKUP(B4&"|"&B5&"|"&IF(B6="","*",B6),Matrix!$N:$N,Matrix!$J:$J, "(no match)",2),"(no match)")
A14: Example (Bad → Good) | B14: =IFERROR(XLOOKUP(B4&"|"&B5&"|"&IF(B6="","*",B6),Matrix!$N:$N,Matrix!$K:$K, "(no match)",2),"(no match)")
A15: CI Guardrail / Policy | B15: =IFERROR(XLOOKUP(B4&"|"&B5&"|"&IF(B6="","*",B6),Matrix!$N:$N,Matrix!$L:$L, "(no match)",2),"(no match)")
A16: Notes | B16: =IFERROR(XLOOKUP(B4&"|"&B5&"|"&IF(B6="","*",B6),Matrix!$N:$N,Matrix!$M:$M, "(no match)",2),"(no match)")
A17: Trust Level | B17: =IFERROR(XLOOKUP(B4&"|"&B5&"|"&IF(B6="","*",B6),Matrix!$N:$N,Matrix!$O:$O,"(no match)",2),"(no match)")
A18: Scope | B18: =IFERROR(XLOOKUP(B4&"|"&B5&"|"&IF(B6="","*",B6),Matrix!$N:$N,Matrix!$P:$P,"(no match)",2),"(no match)")
A19: Layer | B19: =IFERROR(XLOOKUP(B4&"|"&B5&"|"&IF(B6="","*",B6),Matrix!$N:$N,Matrix!$Q:$Q,"(no match)",2),"(no match)")
A20: First Sprint | B20: =IFERROR(XLOOKUP(B4&"|"&B5&"|"&IF(B6="","*",B6),Matrix!$N:$N,Matrix!$R:$R,"(no match)",2),"(no match)")
A21: Release Impact | B21: =IFERROR(XLOOKUP(B4&"|"&B5&"|"&IF(B6="","*",B6),Matrix!$N:$N,Matrix!$S:$S,"(no match)",2),"(no match)")
A22: Path Recommendation | B22: =IFERROR(XLOOKUP(B4&"|"&B5&"|"&IF(B6="","*",B6),Matrix!$N:$N,Matrix!$T:$T,"(no match)",2),"(no match)")
A25: Filter Key | B25: =B4&"|"&B5&"|"&IF(B6="","High",B6)

Sheet Lists
A1: Actions | B1: Frameworks | C1: Categories | D1: Severity | E1: Trust Levels | F1: Scope | G1: Layer | H1: First Sprint | I1: Release Impact | J1: Path Recommendation
A2: Detect | B2: Playwright | C2: Selectors & Locators | D2: High | E2: Low Trust | F2: Isolated | G2: UI | H2: 2 | I2: Blocks trust | J2: No AI
A3: Prevent | B3: pytest | C3: Waiting & Flakiness | D3: Medium | E3: Medium Trust | F3: Recurring | G3: API | H3: 3 | I3: False green risk | J3: Some AI
A4: Fix | B4: Cypress | C4: Test Isolation & State | D4: Low | E4: High Trust | F4: Systemic | G4: Auth | H4: 5 | I4: Slows diagnosis | J4: AI Forward
A5: Refactor | B5: Selenium | C5: Parallelism & Concurrency | G5: Data | H5: 7 | I5: Weakens release confidence
A6: Verify | C6: Fixtures & Setup/Teardown | G6: CI | H6: 8 | I6: Scalability risk only
C7: Network & API Mocking | G7: Code | H7: 9
C8: Reporting & Debuggability | G8: Environment | H8: 16
C9: Performance & Timeouts
C10: Code Structure & Maintainability
C11: Assertions & Oracles
C12: CI/CD & Environment Drift

Sheet Glossary
A1: Term | B1: Definition | C1: Why it matters | D1: Quick example / note
A2: Flake | B2: Intermittent test failure not caused by product regression. | C2: Destroys trust in CI and slows teams. | D2: Often caused by timing, shared state, or unstable selectors.
A3: Test Oracle | B3: The mechanism that decides pass/fail. | C3: Weak oracles create false greens. | D3: Prefer domain assertions vs presence-only checks.
A4: Isolation | B4: Each test can run independently without ordering assumptions. | C4: Required for parallel runs and reproducibility. | D4: Use per-test data and cleanup; avoid shared globals.
A5: Determinism | B5: Same inputs → same results. | C5: Makes failures debuggable. | D5: Pin randomness and control time/data.
A6: Implicit Wait | B6: Sleeping instead of waiting on events/conditions. | C6: Creates flakes + slower suites. | D6: Replace sleep with explicit waits on signals.
A8: Trust Level | B8: Routing signal indicating whether a team should start with foundation/hardening work (Low Trust), controlled expansion (Medium Trust), or safe scaling/acceleration (High Trust). | C8: Used to route anti-patterns into the right sprint and modernization path.
A9: Scope | B9: How widespread an anti-pattern is: isolated issue, recurring pattern, or systemic problem. | C9: Used to route anti-patterns into the right sprint and modernization path.
A10: Layer | B10: Primary system layer affected by the anti-pattern: UI, API, Auth, Data, CI, Code, or Environment. | C10: Used to route anti-patterns into the right sprint and modernization path.
A11: First Sprint | B11: Recommended first sprint to address the anti-pattern based on the QA ALIGN roadmap. | C11: Used to route anti-patterns into the right sprint and modernization path.
A12: Release Impact | B12: How the anti-pattern affects release confidence: blocks trust, causes false green risk, slows diagnosis, weakens release confidence, or creates scalability-only risk. | C12: Used to route anti-patterns into the right sprint and modernization path.
A13: Path Recommendation | B13: Suggested modernization path based on anti-pattern profile: No AI, Some AI, or AI Forward. | C13: Used to route anti-patterns into the right sprint and modernization path.
A14: Cypress | B14: Browser automation framework with command-queue execution and strong network stubbing ergonomics. | C14: Useful for app-level UI/API workflows, but can hide realism problems if over-stubbed. | D14: Common anti-patterns include cy.wait(ms), overuse of intercept stubs, and shared auth state.
A15: Selenium | B15: WebDriver-based browser automation framework used across many languages and legacy enterprise stacks. | C15: Powerful and flexible, but highly vulnerable to brittle locators, sleep-based waits, and shared driver/state issues. | D15: Common anti-patterns include absolute XPath, Thread.sleep, and monolithic page objects.
